year_month,revenue,orders,units_sold
2022-01,52911.5,368,2158
2022-02,43325.5,313,1817
2022-03,40996.0,339,1808
2022-04,40442.0,334,1807
2022-05,40347.5,315,1726
2022-06,42576.0,321,1818
2022-07,44471.5,349,1913
2022-08,41333.5,331,1850
2022-09,46113.5,337,1882
2022-10,38355.0,303,1707
2022-11,41256.5,328,1771
2022-12,38201.0,287,1639
2023-01,48052.5,362,2100
2023-02,39214.5,299,1668
2023-03,38534.5,290,1661
2023-04,38905.5,308,1635
2023-05,40480.5,318,1749
2023-06,42474.0,336,1863
2023-07,45632.5,356,1940
2023-08,38592.0,307,1647
2023-09,41069.0,319,1753
2023-10,38322.0,293,1641
2023-11,37014.0,290,1599
2023-12,43021.0,330,1790
2024-01,47908.5,363,2007
2024-02,37145.0,304,1630
2024-03,42861.5,336,1837
2024-04,46271.0,311,1867
2024-05,43766.5,345,1874
2024-06,44721.0,334,1875
2024-07,41405.0,334,1855
2024-08,43362.0,354,1854
2024-09,42161.5,328,1739
2024-10,42736.5,338,1815
2024-11,44076.0,332,1797
2024-12,48466.5,357,2094
2025-01,25548.5,202,1090
